{
  "wall_time_sec": 0.776982307434082,
  "solver_info": {
    "mesh_resolution": 64,
    "element_degree": 2,
    "ksp_type": "cg",
    "pc_type": "hypre",
    "rtol": 1e-10,
    "iterations": 6,
    "verification_l2_error": 1.0754206367866319e-06,
    "verification_h1_semi_error": 0.0005277072867228588,
    "wall_time_sec": 0.7769469544291496
  }
}