{
  "wall_time_sec": 0.07086467742919922,
  "solver_info": {
    "mesh_resolution": 40,
    "element_degree": 1,
    "ksp_type": "cg",
    "pc_type": "hypre",
    "rtol": 1e-12,
    "iterations": 7,
    "l2_error": 0.0019342325739593665,
    "max_nodal_error": 0.0008831989601324475,
    "kappa": 10.0
  }
}