{
  "wall_time_sec": 2.7310945987701416,
  "solver_info": {
    "mesh_resolution": 72,
    "element_degree": 2,
    "ksp_type": "cg",
    "pc_type": "hypre",
    "rtol": 1e-10,
    "iterations": 12,
    "l2_error": 1.2732201045030287e-06,
    "relative_l2_error": 2.5464421774374623e-06,
    "wall_time_sec": 2.7310194624587893
  }
}