{
  "wall_time_sec": 2.0440359115600586,
  "solver_info": {
    "mesh_resolution": 80,
    "element_degree": 1,
    "ksp_type": "cg",
    "pc_type": "hypre",
    "rtol": 1e-10,
    "iterations": 480,
    "dt": 0.00125,
    "n_steps": 80,
    "time_scheme": "backward_euler",
    "l2_error": 0.000925140862746473,
    "relative_l2_error": 0.002053304080091225,
    "wall_time_sec": 1.0220547253265977
  }
}