{
  "wall_time_sec": 0.24968171119689941,
  "solver_info": {
    "mesh_resolution": 32,
    "element_degree": 2,
    "ksp_type": "cg",
    "pc_type": "hypre",
    "rtol": 1e-10,
    "iterations": 6,
    "L2_error": 4.965277660239443e-07,
    "H1_error": 0.00013282846451736797,
    "solve_wall_time": 0.014261098578572273
  }
}