{
  "wall_time_sec": 41.57059836387634,
  "solver_info": {
    "mesh_resolution": 128,
    "element_degree": 2,
    "ksp_type": "cg",
    "pc_type": "hypre",
    "rtol": 1e-10,
    "iterations": 400,
    "dt": 0.000625,
    "n_steps": 80,
    "time_scheme": "backward_euler",
    "l2_error": 7.561018710726799e-07,
    "h1_error": 3.552445976001862e-06,
    "wall_time_sec": 41.56812594924122
  }
}