{
  "wall_time_sec": 1.341811180114746,
  "solver_info": {
    "mesh_resolution": 40,
    "element_degree": 2,
    "ksp_type": "cg",
    "pc_type": "hypre",
    "rtol": 1e-10,
    "iterations": 7,
    "verification_l2_error": 2.0092474719092493e-06,
    "verification_h1_semi_error": 0.0003014904960868815,
    "wall_time_sec": 1.3415844114497304
  }
}