{
  "wall_time_sec": 1.8896472454071045,
  "solver_info": {
    "mesh_resolution": 80,
    "element_degree": 2,
    "ksp_type": "gmres",
    "pc_type": "lu",
    "rtol": 1e-10,
    "iterations": 0,
    "nonlinear_iterations": [
      0
    ],
    "accuracy_verification": {
      "velocity_L2_error": 2.701454297267125,
      "velocity_H1_semi_error": 15.055993076830875,
      "pressure_L2_error": 0.49987151429759286,
      "wall_time_sec": 1.5991029059514403
    }
  }
}