{
  "wall_time_sec": 243.14588570594788,
  "solver_info": {
    "mesh_resolution": 96,
    "element_degree": 2,
    "ksp_type": "preonly",
    "pc_type": "lu",
    "rtol": 1e-10,
    "iterations": 1,
    "relative_L2_error": 1.899860905049066e-06,
    "absolute_L2_error": 9.49930220052467e-07
  }
}