{
  "wall_time_sec": 0.8835909366607666,
  "solver_info": {
    "mesh_resolution": 56,
    "element_degree": 2,
    "ksp_type": "preonly",
    "pc_type": "lu",
    "rtol": 1e-12,
    "iterations": 1,
    "verification_l2_error": 3.837581820513493e-08,
    "solve_wall_time": 0.0601692870259285
  }
}