{
  "wall_time_sec": 0.7057933807373047,
  "solver_info": {
    "mesh_resolution": 56,
    "element_degree": 4,
    "ksp_type": "preonly",
    "pc_type": "lu",
    "rtol": 1e-12,
    "iterations": 1,
    "l2_error_check": 4.227592461865185e-11,
    "stabilization": "supg",
    "tau": 0.0008289970454332672
  }
}