{
  "wall_time_sec": 0.24941182136535645,
  "solver_info": {
    "mesh_resolution": 96,
    "element_degree": 3,
    "ksp_type": "preonly",
    "pc_type": "none",
    "rtol": 0.0,
    "iterations": 0,
    "nonlinear_iterations": [
      0
    ],
    "verification": {
      "l2_velocity_error": 1.2466590760594913e-07,
      "l2_divergence": 4.224283499079265e-05,
      "l2_pressure_reference": 0.49999999999998673,
      "wall_time_sec": 0.24937725067138672
    }
  }
}