{
  "wall_time_sec": 6.595195293426514,
  "solver_info": {
    "mesh_resolution": 56,
    "element_degree": 2,
    "ksp_type": "gmres",
    "pc_type": "lu",
    "rtol": 1e-09,
    "iterations": 1,
    "nonlinear_iterations": [
      4
    ],
    "u_l2_error": 5.509907636963563e-06,
    "p_l2_error": 0.000657720383814871,
    "wall_time_sec": 2.8257127329707146
  }
}