{
  "wall_time_sec": 0.20238876342773438,
  "solver_info": {
    "mesh_resolution": 24,
    "element_degree": 2,
    "ksp_type": "gmres",
    "pc_type": "ilu",
    "rtol": 1e-10,
    "iterations": 178,
    "l2_error": 2.1086994681543723e-05,
    "wall_time_sec": 0.20222343783825636
  }
}