{
  "wall_time_sec": 4.01637864112854,
  "solver_info": {
    "mesh_resolution": 64,
    "element_degree": 2,
    "ksp_type": "cg",
    "pc_type": "hypre",
    "rtol": 1e-10,
    "iterations": 12,
    "l2_error": 0.016708232821230344,
    "wall_time_sec": 3.9021610701456666
  }
}