{
  "wall_time_sec": 1.9127051830291748,
  "solver_info": {
    "mesh_resolution": 24,
    "element_degree": 1,
    "ksp_type": "cg",
    "pc_type": "hypre",
    "rtol": 1e-10,
    "iterations": 7,
    "verification": {
      "L2_error": 0.007149710196148993,
      "H1_semi_error": 0.44746776907543084
    }
  }
}