{
  "wall_time_sec": 1.1828386783599854,
  "solver_info": {
    "mesh_resolution": 64,
    "element_degree": 2,
    "ksp_type": "gmres",
    "pc_type": "lu",
    "rtol": 1e-10,
    "iterations": 1,
    "nonlinear_iterations": [
      1
    ],
    "l2_velocity_error": 2.1493384163450546e-07,
    "l2_pressure_error": 8.897411327353895e-17,
    "relative_l2_velocity_error": 1.4418200416797836e-06,
    "relative_l2_pressure_error": 2.1794117783675738e-16,
    "wall_time_sec": 1.175404946319759
  }
}