{
  "wall_time_sec": 6.604358673095703,
  "solver_info": {
    "mesh_resolution": 104,
    "element_degree": 2,
    "ksp_type": "cg",
    "pc_type": "hypre",
    "rtol": 1e-10,
    "iterations": 480,
    "dt": 0.0025,
    "n_steps": 120,
    "time_scheme": "backward_euler",
    "verification_l2_error": 0.002683232736612149,
    "verification_rel_l2_error": 0.0002654004206545497,
    "verification_grid_max_error": 0.007716778792957513,
    "wall_time_observed": 6.39940838702023,
    "epsilon": 0.02
  }
}