{
  "wall_time_sec": 11.839714527130127,
  "solver_info": {
    "mesh_resolution": 128,
    "element_degree": 2,
    "ksp_type": "minres",
    "pc_type": "hypre",
    "rtol": 1e-10,
    "iterations": 0,
    "verification": {
      "velocity_L2_error": 0.007700548321169073,
      "pressure_L2_error": 0.4999193007004769,
      "velocity_grid_rms_error": 0.007652718750051586
    },
    "wall_time_sec": 11.839644105173647
  }
}