{
  "wall_time_sec": 6.153808832168579,
  "solver_info": {
    "mesh_resolution": 72,
    "element_degree": 2,
    "ksp_type": "cg",
    "pc_type": "hypre",
    "rtol": 1e-10,
    "iterations": 400,
    "dt": 0.00125,
    "n_steps": 80,
    "time_scheme": "backward_euler",
    "l2_error": 6.449809880713269e-06,
    "relative_l2_error": 1.4256286174814715e-05,
    "wall_time_sec": 6.1535668121650815
  }
}