{
  "wall_time_sec": 1.0324862003326416,
  "solver_info": {
    "mesh_resolution": 52,
    "element_degree": 2,
    "ksp_type": "cg",
    "pc_type": "hypre",
    "rtol": 1e-10,
    "iterations": 9,
    "relative_l2_error": 2.6255564229411523e-05,
    "wall_time_sec": 1.0324748437851667
  }
}