{
  "wall_time_sec": 6.403907775878906,
  "solver_info": {
    "mesh_resolution": 56,
    "element_degree": 2,
    "ksp_type": "cg",
    "pc_type": "hypre",
    "rtol": 1e-10,
    "iterations": 9,
    "l2_error_verification": 3.623844052875756e-07,
    "h1_error_verification": 0.00010242257382938181,
    "grid_rmse_verification": 1.0314813565279657e-05,
    "lambda": 0.5769230769230769,
    "mu": 0.3846153846153846,
    "wall_time_solve": 1.3442494245246053
  }
}