{
  "wall_time_sec": 8.749496936798096,
  "solver_info": {
    "mesh_resolution": 100,
    "element_degree": 2,
    "ksp_type": "cg",
    "pc_type": "hypre",
    "rtol": 1e-10,
    "iterations": 18,
    "verification": {
      "weak_residual_poisson1": 0.004336613737786019,
      "weak_residual_poisson2": 3.3950160860046708e-06,
      "u_H1_seminorm": 1.516723238285948e-05,
      "w_H1_seminorm": 0.015083124881802908
    }
  }
}