{
  "wall_time_sec": 1.221006155014038,
  "solver_info": {
    "mesh_resolution": 40,
    "element_degree": 2,
    "ksp_type": "cg",
    "pc_type": "hypre",
    "rtol": 1e-10,
    "iterations": 6,
    "verification_error_L2": 4.404792591016276e-06,
    "verification_error_H1": 0.0013506196136396718
  }
}