{
  "wall_time_sec": 1.1070983409881592,
  "solver_info": {
    "mesh_resolution": 88,
    "element_degree": 1,
    "ksp_type": "gmres",
    "pc_type": "ilu",
    "rtol": 1e-09,
    "iterations": 300,
    "dt": 0.003,
    "n_steps": 20,
    "time_scheme": "backward_euler",
    "verification_l2_error": 0.0004978377878824885,
    "verification_relative_l2_error": 0.001059155121733002,
    "wall_time_sec": 1.107047981582582
  }
}