{
  "wall_time_sec": 2.7003071308135986,
  "solver_info": {
    "mesh_resolution": 64,
    "element_degree": 2,
    "ksp_type": "gmres",
    "pc_type": "ilu",
    "rtol": 1e-10,
    "iterations": 380,
    "l2_error": 1.0751739642275585e-06,
    "h1_error": 0.0005276969760406006
  }
}