{
  "wall_time_sec": 0.07764315605163574,
  "solver_info": {
    "mesh_resolution": 28,
    "element_degree": 2,
    "ksp_type": "cg",
    "pc_type": "hypre",
    "rtol": 1e-10,
    "iterations": 6,
    "verification": {
      "relative_l2_error": 1.2303742873471534e-05,
      "linf_nodal_error": 0.002058206749072866
    }
  }
}