{
  "wall_time_sec": 14.15744161605835,
  "solver_info": {
    "mesh_resolution": 56,
    "element_degree": 2,
    "ksp_type": "cg",
    "pc_type": "hypre",
    "rtol": 1e-10,
    "iterations": 280,
    "dt": 0.0025,
    "n_steps": 40,
    "time_scheme": "backward_euler",
    "l2_error": 2.599425198819473e-06,
    "relative_l2_error": 5.745648555124373e-06,
    "wall_time_estimate_sec": 13.251881813630462
  }
}