{
  "wall_time_sec": 0.5481688976287842,
  "solver_info": {
    "mesh_resolution": 40,
    "element_degree": 3,
    "ksp_type": "cg",
    "pc_type": "hypre",
    "rtol": 1e-10,
    "iterations": 10,
    "l2_error": 4.91732181387286e-07,
    "solve_wall_time": 0.12137515284121037
  }
}