{
  "wall_time_sec": 0.5724539756774902,
  "solver_info": {
    "mesh_resolution": 84,
    "element_degree": 2,
    "ksp_type": "cg",
    "pc_type": "hypre",
    "rtol": 1e-10,
    "iterations": 6,
    "l2_error": 1.8114647794200544e-06,
    "relative_l2_error": 3.6229295588400237e-06,
    "h1_semi_error": 0.0011138109978085632,
    "wall_time_sec": 0.5724434377625585
  }
}