{
  "wall_time_sec": 30.763036727905273,
  "solver_info": {
    "mesh_resolution": 72,
    "element_degree": 2,
    "ksp_type": "cg",
    "pc_type": "hypre",
    "rtol": 1e-10,
    "iterations": 600,
    "dt": 0.005,
    "n_steps": 120,
    "time_scheme": "backward_euler",
    "l2_error": 0.00016642000624859734,
    "grid_max_error": 0.0004394460066462491,
    "wall_time_sec": 30.762606719508767,
    "epsilon": 0.05,
    "reaction_alpha": 1.0
  }
}