{
  "wall_time_sec": 5.701800346374512,
  "solver_info": {
    "mesh_resolution": 56,
    "element_degree": 2,
    "ksp_type": "cg",
    "pc_type": "hypre",
    "rtol": 1e-10,
    "iterations": 120,
    "dt": 0.005,
    "n_steps": 20,
    "time_scheme": "backward_euler",
    "verification_l2_error": 2.057907545606248e-05,
    "verification_rel_l2_error": 4.548680502913141e-05,
    "wall_time_sec": 1.161593402735889
  }
}