{
  "wall_time_sec": 1.1374170780181885,
  "solver_info": {
    "mesh_resolution": 20,
    "element_degree": 1,
    "ksp_type": "cg",
    "pc_type": "hypre",
    "rtol": 1e-10,
    "iterations": 6,
    "l2_error": 0.014379265729918322,
    "wall_time_sec": 1.1373116886243224
  }
}