{
  "wall_time_sec": 0.1895451545715332,
  "solver_info": {
    "mesh_resolution": 40,
    "element_degree": 2,
    "ksp_type": "cg",
    "pc_type": "hypre",
    "rtol": 1e-10,
    "iterations": 1,
    "l2_error": 1.4199695948711674e-06,
    "rel_l2_error": 2.839942449028531e-06,
    "wall_time_sec": 0.18953490816056728
  }
}