{
  "wall_time_sec": 0.41735291481018066,
  "solver_info": {
    "mesh_resolution": 56,
    "element_degree": 2,
    "ksp_type": "preonly",
    "pc_type": "lu",
    "rtol": 1e-05,
    "iterations": 1,
    "verification": {
      "manufactured_solution_l2_error": 7.17859079100971e-07,
      "grid_linf_error": 1.298313660580419e-06,
      "grid_l2_error": 7.004789515578809e-07
    }
  }
}