{
  "wall_time_sec": 5.785581827163696,
  "solver_info": {
    "mesh_resolution": 88,
    "element_degree": 2,
    "ksp_type": "cg",
    "pc_type": "hypre",
    "rtol": 1e-10,
    "iterations": 12,
    "verification_rel_l2": 0.22493005443291106,
    "verification_abs_l2": 0.12573971340763893,
    "wall_time_sec": 5.785537549294531
  }
}