{
  "wall_time_sec": 19.130473852157593,
  "solver_info": {
    "mesh_resolution": 40,
    "element_degree": 2,
    "ksp_type": "gmres",
    "pc_type": "ilu",
    "rtol": 1e-09,
    "iterations": 5000,
    "verification_l2_error": 3.592843148636407e-06,
    "verification_rel_l2_error": 7.185713866063954e-06,
    "verification_h1_error": 8.292922326241572e-05
  }
}