{
  "wall_time_sec": 0.6341390609741211,
  "solver_info": {
    "mesh_resolution": 160,
    "element_degree": 1,
    "ksp_type": "gmres",
    "pc_type": "ilu",
    "rtol": 1e-09,
    "iterations": 35,
    "residual_indicator": 1.4447517657580583e-05,
    "wall_time_sec": 0.6340250223875046
  }
}