{
  "wall_time_sec": 19.76442003250122,
  "solver_info": {
    "mesh_resolution": 112,
    "element_degree": 2,
    "ksp_type": "cg",
    "pc_type": "hypre",
    "rtol": 1e-10,
    "iterations": 400,
    "dt": 0.001,
    "n_steps": 80,
    "time_scheme": "backward_euler",
    "l2_error": 1.6007564717215816e-06,
    "relative_l2_error": 3.4681671398304345e-06,
    "wall_time_sec": 19.76210498344153
  }
}