{
  "wall_time_sec": 14.830573797225952,
  "solver_info": {
    "mesh_resolution": 96,
    "element_degree": 2,
    "ksp_type": "gmres",
    "pc_type": "ilu",
    "rtol": 1e-09,
    "iterations": 476,
    "l2_error": 0.0006914057735881463,
    "relative_l2_error": 0.0013828128157412746,
    "stabilization": "SUPG"
  }
}