{
  "wall_time_sec": 15.08779263496399,
  "solver_info": {
    "mesh_resolution": 96,
    "element_degree": 2,
    "ksp_type": "gmres",
    "pc_type": "ilu",
    "rtol": 1e-09,
    "iterations": 277,
    "verification": {
      "residual_norm": 0.2377285378910848,
      "grid_relative_change": 0.003566942280664178,
      "mesh_convergence_pair": [
        80,
        96
      ],
      "wall_time_so_far": 15.087426547892392
    }
  }
}