{
  "wall_time_sec": 8.221206903457642,
  "solver_info": {
    "mesh_resolution": 64,
    "element_degree": 2,
    "ksp_type": "gmres",
    "pc_type": "ilu",
    "rtol": 1e-09,
    "iterations": 227,
    "L2_error": 9.81799743862145e-07,
    "H1_error": 0.00043691110759366575,
    "wall_time_sec": 3.794636344537139,
    "stabilization": "SUPG"
  }
}