{
  "wall_time_sec": 0.4751253128051758,
  "solver_info": {
    "mesh_resolution": 60,
    "element_degree": 2,
    "ksp_type": "cg",
    "pc_type": "hypre",
    "rtol": 1e-10,
    "iterations": 6,
    "l2_error": 1.7045360175310675e-06,
    "h1_error": 0.0008131535495863177,
    "wall_time_sec": 0.4751116009429097
  }
}