{
  "wall_time_sec": 2.2786617279052734,
  "solver_info": {
    "mesh_resolution": 48,
    "element_degree": 2,
    "ksp_type": "preonly",
    "pc_type": "lu",
    "rtol": 1e-10,
    "iterations": 1,
    "l2_error": 4.9970918207768955e-09,
    "relative_l2_error": 1.4991276344593501e-07,
    "wall_time_sec": 2.2780564026907086
  }
}