{
  "wall_time_sec": 0.11403012275695801,
  "solver_info": {
    "mesh_resolution": 40,
    "element_degree": 2,
    "ksp_type": "cg",
    "pc_type": "hypre",
    "rtol": 1e-10,
    "iterations": 9,
    "verification_l2_error": 1.384450666721482e-07,
    "solve_wall_time_sec": 0.01477743685245514
  }
}