{
  "wall_time_sec": 1.2327709197998047,
  "solver_info": {
    "mesh_resolution": 48,
    "element_degree": 2,
    "ksp_type": "cg",
    "pc_type": "hypre",
    "rtol": 1e-10,
    "iterations": 6,
    "l2_error": 0.00010599403451639314,
    "wall_time_sec": 1.231028034351766
  }
}