{
  "wall_time_sec": 5.395876407623291,
  "solver_info": {
    "mesh_resolution": 72,
    "element_degree": 2,
    "ksp_type": "cg",
    "pc_type": "hypre",
    "rtol": 1e-10,
    "iterations": 9,
    "l2_error_verification": 1.326632683688918e-07,
    "h1_error_verification": 4.8240711611616894e-05,
    "grid_rmse_verification": 5.535241056431268e-06,
    "lambda": 0.5769230769230769,
    "mu": 0.3846153846153846,
    "wall_time_solve": 1.240112079307437
  }
}