{
  "wall_time_sec": 0.6732387542724609,
  "solver_info": {
    "mesh_resolution": 48,
    "element_degree": 2,
    "ksp_type": "cg",
    "pc_type": "hypre",
    "rtol": 1e-10,
    "iterations": 6,
    "l2_error_verification": 1.8082029514096012e-05,
    "wall_time_sec": 0.6729603037238121
  }
}