{
  "wall_time_sec": 2.0463039875030518,
  "solver_info": {
    "mesh_resolution": 96,
    "element_degree": 2,
    "ksp_type": "cg",
    "pc_type": "hypre",
    "rtol": 1e-10,
    "iterations": 216,
    "dt": 0.003333333333333333,
    "n_steps": 36,
    "time_scheme": "backward_euler",
    "verification_l2_error_vs_exact": 1.3456577427019284e-08,
    "wall_time_sec": 2.0459452038630843
  }
}