{
  "wall_time_sec": 1.708845615386963,
  "solver_info": {
    "mesh_resolution": 96,
    "element_degree": 1,
    "ksp_type": "gmres",
    "pc_type": "ilu",
    "rtol": 1e-09,
    "iterations": 59,
    "l2_error": 0.005978030688287559,
    "relative_l2_error": 0.011969940413750596,
    "wall_time_sec": 1.708339711651206,
    "peclet_estimate": 63.2,
    "stabilization": "SUPG",
    "time_budget_target_sec": 1.711
  }
}