{
  "wall_time_sec": 2.3625125885009766,
  "solver_info": {
    "mesh_resolution": 72,
    "element_degree": 2,
    "ksp_type": "cg",
    "pc_type": "hypre",
    "rtol": 1e-10,
    "iterations": 12,
    "verification_error_L2": 6.289853139130063e-06,
    "wall_time_sec": 2.3624599305912852
  }
}