{
  "wall_time_sec": 3.9121787548065186,
  "solver_info": {
    "mesh_resolution": 128,
    "element_degree": 2,
    "ksp_type": "gmres",
    "pc_type": "ilu",
    "rtol": 1e-09,
    "iterations": 136,
    "l2_error_verification": 2.8600337153626263e-08,
    "grid_rmse_verification": 1.346983913408497e-07
  }
}