{
  "wall_time_sec": 0.06911635398864746,
  "solver_info": {
    "mesh_resolution": 16,
    "element_degree": 2,
    "ksp_type": "cg",
    "pc_type": "hypre",
    "rtol": 1e-10,
    "iterations": 6,
    "manufactured_L2_error": 9.397703453334703e-05,
    "wall_time_sec_estimate": 0.06910727825015783
  }
}