{
  "wall_time_sec": 7.325982570648193,
  "solver_info": {
    "mesh_resolution": 120,
    "element_degree": 2,
    "ksp_type": "gmres",
    "pc_type": "ilu",
    "rtol": 1e-10,
    "iterations": 542,
    "l2_error": 1.5723799440303197e-05,
    "h1_error": 0.0007538890651147186,
    "solve_time_sec": 2.4026976842433214
  }
}