{
  "wall_time_sec": 175.69728779792786,
  "solver_info": {
    "mesh_resolution": 72,
    "element_degree": 3,
    "ksp_type": "preonly",
    "pc_type": "lu",
    "rtol": 1e-10,
    "iterations": 1,
    "l2_error": 9.085356819018328e-09,
    "relative_l2_error": 7.188754149242447e-09,
    "sampled_max_abs_error": 7.957943060077355e-08,
    "sampled_rmse": 2.3857990579845137e-08
  }
}