{
  "wall_time_sec": 4.762837886810303,
  "solver_info": {
    "mesh_resolution": 64,
    "element_degree": 2,
    "ksp_type": "cg",
    "pc_type": "hypre",
    "rtol": 1e-08,
    "iterations": 64,
    "dt": 0.00625,
    "n_steps": 16,
    "time_scheme": "backward_euler",
    "verification_rel_diff": 0.055221329575840916,
    "initial_energy": 0.24999998488406397,
    "final_energy": 0.0061155036497011804,
    "initial_mass": 0.40528473211791294,
    "final_mass": 0.06300785764301751
  }
}