{
  "wall_time_sec": 12.72467041015625,
  "solver_info": {
    "mesh_resolution": 104,
    "element_degree": 2,
    "ksp_type": "cg",
    "pc_type": "hypre",
    "rtol": 1e-10,
    "iterations": 12,
    "verification_l2_error": 0.11546841910868974,
    "verification_h1_semi_error": 0.8250749965067057
  }
}