{
  "wall_time_sec": 20.216282844543457,
  "solver_info": {
    "mesh_resolution": 96,
    "element_degree": 2,
    "ksp_type": "cg",
    "pc_type": "hypre",
    "rtol": 1e-10,
    "iterations": 400,
    "dt": 0.00125,
    "n_steps": 80,
    "time_scheme": "backward_euler",
    "l2_error": 3.6367138571103184e-06,
    "rel_l2_error": 8.038381552374671e-06,
    "wall_time": 12.832811007276177
  }
}