{
  "wall_time_sec": 9.222833156585693,
  "solver_info": {
    "mesh_resolution": 48,
    "element_degree": 2,
    "ksp_type": "gmres",
    "pc_type": "ilu",
    "rtol": 1e-09,
    "iterations": 780,
    "dt": 0.005,
    "n_steps": 30,
    "time_scheme": "backward_euler",
    "nonlinear_iterations": [
      2,
      2,
      2,
      2,
      2,
      2,
      2,
      2,
      2,
      2,
      2,
      2,
      2,
      2,
      2,
      2,
      2,
      2,
      2,
      2,
      2,
      2,
      2,
      2,
      2,
      2,
      2,
      2,
      2,
      2
    ],
    "l2_error": 5.1728002066695505e-05,
    "relative_l2_error": 0.00040066246566795676
  }
}