{
  "wall_time_sec": 16.220823049545288,
  "solver_info": {
    "mesh_resolution": 48,
    "element_degree": 2,
    "ksp_type": "preonly",
    "pc_type": "lu",
    "rtol": 1e-12,
    "iterations": 1,
    "l2_error": 5.065143590775181e-06,
    "adaptive_trials": [
      {
        "mesh_resolution": 48,
        "wall_time": 16.130459871143103,
        "l2_error": 5.065143590775181e-06
      }
    ]
  }
}