{
  "wall_time_sec": 5.604413747787476,
  "solver_info": {
    "mesh_resolution": 128,
    "element_degree": 1,
    "ksp_type": "gmres",
    "pc_type": "ilu",
    "rtol": 1e-08,
    "iterations": 223,
    "dt": 0.01,
    "n_steps": 10,
    "time_scheme": "backward_euler",
    "accuracy_verification": {
      "mass_history": [
        0.000155500210141634,
        0.0003093431056800541,
        0.0004612431400055204,
        0.00061050786378507,
        0.0007558245619321718,
        0.0008951399267305195,
        0.001025744797416251,
        0.0011446084394624398,
        0.0012488951257945322,
        0.001336505135075056
      ],
      "increment_history": [
        0.08973808301588777,
        0.07580513918118567,
        0.06672553004834345,
        0.0602924050194739,
        0.05542385899587064,
        0.051498452015031275,
        0.04806390615462971,
        0.04471067060559658,
        0.04106732552880781,
        0.03687945051603599
      ],
      "mass_final": 0.001336505135075056,
      "last_step_increment": 0.03687945051603599,
      "solution_l2_norm": 0.0033678986056781017,
      "relative_change_to_previous": 0.0021046538648526324
    }
  }
}