{
  "wall_time_sec": 3.106346368789673,
  "solver_info": {
    "mesh_resolution": 80,
    "element_degree": 2,
    "ksp_type": "cg",
    "pc_type": "hypre",
    "rtol": 1e-10,
    "iterations": 12,
    "verification": {
      "L2_error": 4.869773919238096e-07,
      "relative_L2_error": 3.853190176107897e-07
    }
  }
}