{
  "wall_time_sec": 6.30648946762085,
  "solver_info": {
    "mesh_resolution": 32,
    "element_degree": 2,
    "ksp_type": "preonly",
    "pc_type": "lu",
    "rtol": 1e-10,
    "iterations": 1,
    "verification_u_sample_l2": 0.0006197825205554753,
    "verification_p_sample_l2": 0.00268851963251902,
    "solve_time": 5.911511417478323
  }
}