{
  "wall_time_sec": 0.9900245666503906,
  "solver_info": {
    "mesh_resolution": 80,
    "element_degree": 2,
    "ksp_type": "gmres",
    "pc_type": "ilu",
    "rtol": 1e-10,
    "iterations": 210,
    "stabilization": "supg",
    "epsilon": 0.01,
    "beta": [
      15.0,
      0.0
    ],
    "verification_l2_error": 5.662660089955183e-07,
    "verification_sampled_max_error": 2.01857633996827e-06,
    "wall_time_sec": 0.9889669651165605
  }
}