{
  "wall_time_sec": 3.337353229522705,
  "solver_info": {
    "mesh_resolution": 96,
    "element_degree": 2,
    "ksp_type": "cg",
    "pc_type": "hypre",
    "rtol": 1e-10,
    "iterations": 11,
    "L2_error": 4.5177667350055543e-07,
    "relative_L2_error": 6.389086984891422e-07
  }
}