{
  "wall_time_sec": 0.9104602336883545,
  "solver_info": {
    "mesh_resolution": 96,
    "element_degree": 2,
    "ksp_type": "cg",
    "pc_type": "hypre",
    "rtol": 1e-10,
    "iterations": 6,
    "l2_error": 1.2135036876352601e-06,
    "max_nodal_error": 1.8882659025276638e-07
  }
}