{
  "wall_time_sec": 1.9097216129302979,
  "solver_info": {
    "mesh_resolution": 32,
    "element_degree": 2,
    "ksp_type": "preonly",
    "pc_type": "lu",
    "rtol": 1e-10,
    "iterations": 1,
    "verification_rel_l2": 0.01863012581415604,
    "verification_rel_h1_semi": 0.01586959804634255
  }
}