{
  "wall_time_sec": 1.4004426002502441,
  "solver_info": {
    "mesh_resolution": 64,
    "element_degree": 3,
    "ksp_type": "cg",
    "pc_type": "hypre",
    "rtol": 1e-10,
    "iterations": 10,
    "l2_error_verification": 2.5268025438060504e-10,
    "h1_semi_error_verification": 1.8373655424593215e-07,
    "wall_solve_time_sec": 0.21362609136849642
  }
}