{
  "wall_time_sec": 6.728299379348755,
  "solver_info": {
    "mesh_resolution": 44,
    "element_degree": 2,
    "ksp_type": "gmres",
    "pc_type": "ilu",
    "rtol": 1e-10,
    "iterations": 156,
    "verification_L2_error": 1.3798834893166072,
    "wall_time_sec": 6.727403570897877
  }
}