{
  "wall_time_sec": 8.804141521453857,
  "solver_info": {
    "mesh_resolution": 130,
    "element_degree": 2,
    "ksp_type": "cg",
    "pc_type": "hypre",
    "rtol": 5e-10,
    "iterations": 0,
    "verification": {
      "poisson1_energy_residual": -1.1651545549397267e-18,
      "poisson2_energy_residual": -1.1310786053465557e-24,
      "u_l2_norm": 4.917354940555791e-07
    }
  }
}