{
  "wall_time_sec": 0.9672331809997559,
  "solver_info": {
    "mesh_resolution": 72,
    "element_degree": 1,
    "ksp_type": "cg",
    "pc_type": "hypre",
    "rtol": 1e-09,
    "iterations": 50,
    "dt": 0.01,
    "n_steps": 10,
    "time_scheme": "backward_euler",
    "accuracy_verification": {
      "boundary_bc_max_mismatch": 1.1852741010898171e-12,
      "solution_min": -1.0000000000005926,
      "solution_max": 2.0000000000011853,
      "runtime_sec": 0.7118868827819824,
      "self_consistency_linf": 0.01317952060910177
    }
  }
}