{
  "wall_time_sec": 0.1783466339111328,
  "solver_info": {
    "mesh_resolution": 56,
    "element_degree": 2,
    "ksp_type": "cg",
    "pc_type": "hypre",
    "rtol": 1e-10,
    "iterations": 6,
    "l2_error": 3.793223909039783e-06,
    "relative_l2_error": 7.586463829671148e-06
  }
}