{
  "wall_time_sec": 0.7300527095794678,
  "solver_info": {
    "mesh_resolution": 96,
    "element_degree": 1,
    "ksp_type": "preonly",
    "pc_type": "lu",
    "rtol": 1e-08,
    "iterations": 1,
    "verification_residual_l2": 1.2852055537303638e-14,
    "mesh_comparison_linf": 2.7263881468258763e-05,
    "mesh_comparison_l2_grid": 6.022369785176866e-06,
    "wall_time_sec_estimate": 0.7299774438142776
  }
}