{
  "wall_time_sec": 11.378927230834961,
  "solver_info": {
    "mesh_resolution": 56,
    "element_degree": 2,
    "ksp_type": "gmres",
    "pc_type": "ilu",
    "rtol": 1e-09,
    "iterations": 446,
    "dt": 0.005,
    "n_steps": 50,
    "time_scheme": "backward_euler",
    "nonlinear_iterations": [
      2,
      2,
      2,
      2,
      2,
      2,
      2,
      2,
      2,
      2,
      2,
      2,
      2,
      2,
      2,
      2,
      2,
      2,
      2,
      2,
      2,
      2,
      2,
      2,
      2,
      2,
      2,
      2,
      2,
      2,
      2,
      2,
      2,
      2,
      2,
      2,
      2,
      2,
      2,
      2,
      2,
      2,
      2,
      2,
      2,
      2,
      2,
      2,
      2,
      2
    ],
    "verification": {
      "final_residual_norm": 1.9736861291972688e-15,
      "max_residual_norm": 2.0414071679473676e-15,
      "mass_history": [
        0.00628317810141485,
        0.0067531565310979345,
        0.007225479478848454,
        0.007700148041845183,
        0.008177162348804433,
        0.008656520810659762,
        0.009138220242285125,
        0.009622255991784635,
        0.010108622061883602,
        0.010597311220715904,
        0.011088315102230474,
        0.011581624297139504,
        0.012077228435448834,
        0.012575116261553769,
        0.013075275702784616,
        0.013577693932179833,
        0.014082357426161398,
        0.014589252017702356,
        0.015098362945494416,
        0.01560967489956121,
        0.016123172063697937,
        0.01663883815507507,
        0.017156656461297683,
        0.017676609875172868,
        0.018198680927410622,
        0.01872285181745315,
        0.0192491044426009,
        0.019777420425589973,
        0.020307781140749527,
        0.02084016773885831,
        0.021374561170802695,
        0.021910942210124483,
        0.022449291474543925,
        0.022989589446524097,
        0.023531816492943412,
        0.02407595288392881,
        0.024621978810904603,
        0.02516987440389373,
        0.0257196197481196,
        0.026271194899936665,
        0.026824579902125344,
        0.027379754798576735,
        0.02793669964839671,
        0.02849539453944604,
        0.029055819601343947,
        0.029617955017947176,
        0.03018178103932743,
        0.030747277993257622,
        0.03131442629622419,
        0.0318832064639771,
        0.032453599121630816
      ],
      "l2_history": [
        0.017724496463812814,
        0.018585085759667556,
        0.01968325146159234,
        0.020973024256235685,
        0.022413814422310514,
        0.023971851475040586,
        0.025620031134745206,
        0.02733703699413552,
        0.029106272218694187,
        0.03091485924780684,
        0.03275279982653046,
        0.0346123070241108,
        0.036487288865392244,
        0.03837295474507323,
        0.04026551714715979,
        0.04216196574846234,
        0.04405989592919068,
        0.04595737802754803,
        0.047852857118521996,
        0.04974507572770286,
        0.051633013855666224,
        0.05351584213919645,
        0.05539288504187147,
        0.057263591749643517,
        0.05912751302340578,
        0.06098428268619739,
        0.06283360273859033,
        0.06467523133145726,
        0.06650897300213865,
        0.06833467071348116,
        0.07015219933657665,
        0.07196146029542023,
        0.07376237715122,
        0.07555489195005431,
        0.0773389621933317,
        0.07911455831842568,
        0.08088166159882872,
        0.08264026239050419,
        0.08439035866487533,
        0.08613195477987667,
        0.08786506044929233,
        0.08958968987768068,
        0.09130586103391886,
        0.09301359504103607,
        0.09471291566380273,
        0.09640384887863304,
        0.09808642251289433,
        0.09976066594283003,
        0.10142660984101214,
        0.10308428596569306,
        0.10473372698560407
      ],
      "wall_time_sec": 5.12206254247576
    }
  }
}