{
  "wall_time_sec": 0.6149735450744629,
  "solver_info": {
    "mesh_resolution": 16,
    "element_degree": 3,
    "ksp_type": "cg",
    "pc_type": "hypre",
    "rtol": 1e-10,
    "iterations": 10,
    "l2_error": 7.346349889247512e-07,
    "h1_semi_error": 0.00015497817744044245
  }
}