{
  "wall_time_sec": 0.14866399765014648,
  "solver_info": {
    "mesh_resolution": 40,
    "element_degree": 2,
    "ksp_type": "cg",
    "pc_type": "hypre",
    "rtol": 1e-10,
    "iterations": 6,
    "l2_error": 1.0743937628758769e-08,
    "max_error": 4.062761411712315e-08,
    "wall_time_sec": 0.14865508116781712
  }
}