{
  "wall_time_sec": 5.633708953857422,
  "solver_info": {
    "mesh_resolution": 128,
    "element_degree": 1,
    "ksp_type": "cg",
    "pc_type": "hypre",
    "rtol": 1e-10,
    "iterations": 8,
    "l2_error": 0.00018566066097318984,
    "relative_l2_error": 5.0719502841860835e-05,
    "wall_time_sec_est": 5.63356513902545
  }
}