{
  "wall_time_sec": 6.200267314910889,
  "solver_info": {
    "mesh_resolution": 56,
    "element_degree": 2,
    "ksp_type": "cg",
    "pc_type": "hypre",
    "rtol": 1e-10,
    "iterations": 9,
    "l2_error": 1.3798843447980047,
    "relative_l2_error": 2.759771448620148,
    "wall_time_sec": 6.055322709493339
  }
}