{
  "wall_time_sec": 11.186695337295532,
  "solver_info": {
    "mesh_resolution": 96,
    "element_degree": 2,
    "ksp_type": "minres",
    "pc_type": "hypre",
    "rtol": 1e-09,
    "iterations": 0,
    "divergence_l2": 0.720694152938422,
    "velocity_h1_seminorm": 1.390946818895588,
    "wall_time_sec": 11.186452496796846
  }
}