{
  "wall_time_sec": 2.5919432640075684,
  "solver_info": {
    "mesh_resolution": 96,
    "element_degree": 1,
    "ksp_type": "cg",
    "pc_type": "hypre",
    "rtol": 1e-09,
    "iterations": 160,
    "dt": 0.00625,
    "n_steps": 32,
    "time_scheme": "backward_euler",
    "initial_mass": 1.2351564397006402e-16,
    "final_mass": -0.008879440373178117,
    "initial_energy": 0.24977700699121996,
    "final_energy": 0.00018734100858376092,
    "grid_l2_self_error": 0.0001424078928783925,
    "grid_linf_self_error": 0.00034167356819046583
  }
}