{
  "wall_time_sec": 0.782386302947998,
  "solver_info": {
    "mesh_resolution": 64,
    "element_degree": 2,
    "ksp_type": "cg",
    "pc_type": "hypre",
    "rtol": 1e-10,
    "iterations": 6,
    "L2_error": 1.404505124226186e-06,
    "H1_semi_error": 0.0007147006377474726,
    "wall_time_sec": 0.7823129929602146
  }
}