{
  "wall_time_sec": 8.348223209381104,
  "solver_info": {
    "mesh_resolution": 72,
    "element_degree": 2,
    "ksp_type": "preonly",
    "pc_type": "lu",
    "rtol": 1e-12,
    "iterations": 1,
    "verification_l2_error": 0.0043742443668431516,
    "mesh_trials": [
      {
        "mesh_resolution": 40,
        "elapsed_sec": 3.277765529230237,
        "l2_error": 0.01380003489079318
      },
      {
        "mesh_resolution": 56,
        "elapsed_sec": 5.01383351534605,
        "l2_error": 0.007172968377091512
      },
      {
        "mesh_resolution": 72,
        "elapsed_sec": 8.301701693795621,
        "l2_error": 0.0043742443668431516
      }
    ]
  }
}