{
  "wall_time_sec": 1.437044620513916,
  "solver_info": {
    "mesh_resolution": 40,
    "element_degree": 1,
    "ksp_type": "gmres",
    "pc_type": "ilu",
    "rtol": 1e-09,
    "iterations": 21,
    "l2_error": 0.014379488163741282,
    "relative_l2_error": 0.028758959349639596
  }
}