{
  "wall_time_sec": 5.145344972610474,
  "solver_info": {
    "mesh_resolution": 56,
    "element_degree": 3,
    "ksp_type": "gmres",
    "pc_type": "lu",
    "rtol": 1e-10,
    "iterations": 1,
    "nonlinear_iterations": [
      2
    ],
    "l2_error_u": 5.582975004276757e-13,
    "linf_error_u": 1.3957728399277758e-11,
    "wall_time_sec": 5.145057439804077
  }
}