{
  "wall_time_sec": 1.5003013610839844,
  "solver_info": {
    "mesh_resolution": 80,
    "element_degree": 2,
    "ksp_type": "cg",
    "pc_type": "hypre",
    "rtol": 1e-10,
    "iterations": 100,
    "dt": 0.003,
    "n_steps": 20,
    "time_scheme": "backward_euler",
    "l2_error": 2.0476135896542734e-06,
    "relative_l2_error": 4.3484756370567575e-06
  }
}