{
  "wall_time_sec": 3.6995551586151123,
  "solver_info": {
    "mesh_resolution": 192,
    "element_degree": 1,
    "ksp_type": "gmres",
    "pc_type": "hypre",
    "rtol": 1e-09,
    "iterations": 6,
    "peclet_estimate": 0.11646187382811404,
    "verification": {
      "mesh_convergence_rel_change": 0.0034722720199279185
    },
    "wall_time_sec": 3.6994857508689165
  }
}