{
  "wall_time_sec": 0.7723920345306396,
  "solver_info": {
    "mesh_resolution": 48,
    "element_degree": 2,
    "ksp_type": "cg",
    "pc_type": "hypre",
    "rtol": 1e-10,
    "iterations": 6,
    "l2_error": 6.479535583983416e-07,
    "rel_l2_error": 8.313558879170933e-05,
    "wall_time_sec": 0.7710210112854838
  }
}