{
  "wall_time_sec": 1.1718780994415283,
  "solver_info": {
    "mesh_resolution": 64,
    "element_degree": 2,
    "ksp_type": "cg",
    "pc_type": "hypre",
    "rtol": 1e-10,
    "iterations": 7,
    "verification": {
      "manufactured_solution": "sin(8*pi*x)*sin(8*pi*y)/(128*pi^2)",
      "l2_abs_error": 7.199900654508982e-08,
      "l2_rel_error": 0.00018193620129680247,
      "h1_semi_error": 2.3366926192852163e-05,
      "solve_wall_time_sec": 0.0970997978001833
    }
  }
}