{
  "wall_time_sec": 0.21656370162963867,
  "solver_info": {
    "mesh_resolution": 64,
    "element_degree": 2,
    "ksp_type": "preonly",
    "pc_type": "lu",
    "rtol": 1e-12,
    "iterations": 0,
    "l2_error": 4.3661215154661827e-07,
    "relative_l2_error": 8.732247251501407e-07,
    "grid_linf_error": 2.956992382902035e-05
  }
}