{
  "wall_time_sec": 11.790191888809204,
  "solver_info": {
    "mesh_resolution": 128,
    "element_degree": 2,
    "ksp_type": "cg",
    "pc_type": "hypre",
    "rtol": 1e-10,
    "iterations": 400,
    "dt": 0.00125,
    "n_steps": 80,
    "time_scheme": "backward_euler",
    "l2_error": 7.783039393929504e-06,
    "relative_l2_error": 1.7203177584815374e-05,
    "wall_time_sec_estimate": 8.799278646707535
  }
}