{
  "wall_time_sec": 0.7771587371826172,
  "solver_info": {
    "mesh_resolution": 24,
    "element_degree": 2,
    "ksp_type": "cg",
    "pc_type": "hypre",
    "rtol": 1e-09,
    "iterations": 6,
    "l2_error_verification": 0.00012471782494460768,
    "grid_max_error_verification": 0.0022484427509242566
  }
}