{
  "wall_time_sec": 1.62076735496521,
  "solver_info": {
    "mesh_resolution": 80,
    "element_degree": 2,
    "ksp_type": "cg",
    "pc_type": "hypre",
    "rtol": 1e-10,
    "iterations": 7,
    "l2_error": 3.437495728928145e-05,
    "relative_l2_error": 4.8613530797522374e-05,
    "wall_time_sec": 1.219222579151392
  }
}