{
  "wall_time_sec": 264.83928394317627,
  "solver_info": {
    "mesh_resolution": 160,
    "element_degree": 2,
    "ksp_type": "minres",
    "pc_type": "hypre",
    "rtol": 1e-09,
    "iterations": 440,
    "verification": {
      "poiseuille_relative_profile_error": 0.5935483634341581,
      "transverse_velocity_relative_norm": 0.05441546388419161,
      "divergence_l2": 0.6845782467220337,
      "velocity_l2": 0.36648930996095475,
      "pressure_mean": 3.010466193446361e-05,
      "viscosity": 0.05,
      "grid_convergence_relative_change": 0.0003129838913162593
    },
    "wall_time_sec": 264.8330340385437
  }
}