{
  "wall_time_sec": 1.3067293167114258,
  "solver_info": {
    "mesh_resolution": 128,
    "element_degree": 3,
    "ksp_type": "cg",
    "pc_type": "hypre",
    "rtol": 1e-10,
    "iterations": 12,
    "wall_time_sec_estimate": 1.29748591221869,
    "mms_l2_error": 1.7273953056621362e-06
  }
}