{
  "wall_time_sec": 2.186014413833618,
  "solver_info": {
    "mesh_resolution": 192,
    "element_degree": 2,
    "ksp_type": "cg",
    "pc_type": "hypre",
    "rtol": 1e-10,
    "iterations": 6,
    "verification_l2_error": 1.1463003085329963e-08,
    "verification_rel_l2_error": 7.628253446298941e-06,
    "solve_wall_time_sec": 0.9638251038268209
  }
}