{
  "wall_time_sec": 7.274126052856445,
  "solver_info": {
    "mesh_resolution": 96,
    "element_degree": 2,
    "ksp_type": "cg",
    "pc_type": "hypre",
    "rtol": 1e-10,
    "iterations": 200,
    "dt": 0.0025,
    "n_steps": 40,
    "time_scheme": "backward_euler",
    "error_L2": 1.2757238809398092e-06,
    "relative_L2": 2.819790169339351e-06
  }
}