{
  "wall_time_sec": 2.1653125286102295,
  "solver_info": {
    "mesh_resolution": 64,
    "element_degree": 2,
    "ksp_type": "preonly",
    "pc_type": "lu",
    "rtol": 1e-10,
    "iterations": 160,
    "dt": 0.000625,
    "n_steps": 160,
    "time_scheme": "backward_euler",
    "l2_error": 6.370510483284218e-06,
    "wall_time_sec": 0.986204843968153
  }
}