{
  "wall_time_sec": 14.712743043899536,
  "solver_info": {
    "mesh_resolution": 80,
    "element_degree": 2,
    "ksp_type": "cg",
    "pc_type": "hypre",
    "rtol": 1e-10,
    "iterations": 400,
    "dt": 0.00125,
    "n_steps": 80,
    "time_scheme": "backward_euler",
    "l2_error": 3.198036827927013e-05,
    "relative_l2_error": 7.068754594319996e-05,
    "wall_time_sec_estimate": 13.048296415247023
  }
}