{
  "wall_time_sec": 3.079582452774048,
  "solver_info": {
    "mesh_resolution": 96,
    "element_degree": 2,
    "ksp_type": "preonly",
    "pc_type": "lu",
    "rtol": 1e-10,
    "iterations": 1,
    "nonlinear_iterations": [
      0
    ],
    "verification": {
      "divergence_l2": 0.376767847326673,
      "velocity_h1_seminorm": 0.7970112113391311,
      "velocity_l2": 0.22121157375208905
    },
    "wall_time_sec": 3.0792125472798944
  }
}