{
  "wall_time_sec": 8.913753747940063,
  "solver_info": {
    "mesh_resolution": 104,
    "element_degree": 2,
    "ksp_type": "cg",
    "pc_type": "hypre",
    "rtol": 1e-10,
    "iterations": 170,
    "dt": 0.0029411764705882353,
    "n_steps": 34,
    "time_scheme": "backward_euler",
    "l2_error_fem": 8.72350803215179e-06,
    "wall_time_estimate": 5.2382586961612105
  }
}