{
  "wall_time_sec": 0.7949123382568359,
  "solver_info": {
    "mesh_resolution": 96,
    "element_degree": 1,
    "ksp_type": "gmres",
    "pc_type": "ilu",
    "rtol": 1e-08,
    "iterations": 180,
    "dt": 0.005,
    "n_steps": 20,
    "time_scheme": "backward_euler",
    "verification": {
      "grid_l2_difference": 0.0009227446350933616,
      "grid_linf_difference": 0.002315641609106127
    },
    "peclet_estimate": 0.2329237476562281,
    "wall_time_estimate": 0.2845964031293988
  }
}