{
  "wall_time_sec": 12.458333969116211,
  "solver_info": {
    "mesh_resolution": 48,
    "element_degree": 1,
    "ksp_type": "gmres",
    "pc_type": "ilu",
    "rtol": 1e-08,
    "iterations": 372,
    "dt": 0.004032258064516129,
    "n_steps": 62,
    "time_scheme": "backward_euler",
    "nonlinear_iterations": [
      2,
      2,
      2,
      2,
      2,
      2,
      2,
      2,
      2,
      2,
      2,
      2,
      2,
      2,
      2,
      2,
      2,
      2,
      2,
      2,
      2,
      2,
      2,
      2,
      2,
      2,
      2,
      2,
      2,
      2,
      2,
      2,
      2,
      2,
      2,
      2,
      2,
      2,
      2,
      2,
      2,
      2,
      2,
      2,
      2,
      2,
      2,
      2,
      2,
      2,
      2,
      2,
      2,
      2,
      2,
      2,
      2,
      2,
      2,
      2,
      2,
      2
    ],
    "verification": {
      "mass_history": [
        0.00628317743766875,
        0.006661826315423773,
        0.007042000304156068,
        0.007423698855681004,
        0.0078069228588756754,
        0.008191672451074956,
        0.008577947072260549,
        0.008965745514796238,
        0.00935506596891105,
        0.009745906064250713,
        0.010138262907854884,
        0.010532133118913812,
        0.010927512860635832,
        0.011324397869530888,
        0.011722783482380586,
        0.012122664661138968,
        0.012524036015978216,
        0.012926891826671288,
        0.013331226062477592,
        0.013737032400682967,
        0.014144304243924414,
        0.014553034736416476,
        0.014963216779182558,
        0.015374843044384395,
        0.015787905988829103,
        0.016202397866729636,
        0.016618310741780044,
        0.017035636498607263,
        0.017454366853648685,
        0.017874493365502946,
        0.018296007444796317,
        0.01871890036360056,
        0.01914316326443776,
        0.019568787168901366,
        0.019995762985921293,
        0.020424081519697053,
        0.02085373347732311,
        0.021284709476123567,
        0.02171700005071831,
        0.022150595659833204,
        0.022585486692872622,
        0.023021663476266278,
        0.02345911627960202,
        0.02389783532155919,
        0.024337810775647527,
        0.024779032775766034,
        0.025221491421587524,
        0.025665176783776243,
        0.026110078909047582,
        0.02655618782507473,
        0.02700349354524786,
        0.02745198607329394,
        0.027901655407757575,
        0.028352491546350743,
        0.028804484490175437,
        0.029257624247820708,
        0.02971190083933981,
        0.03016730430010908,
        0.03062382468457248,
        0.031081452069874584,
        0.03154017655938251,
        0.03199998828610236,
        0.03246087741598886
      ],
      "l2_history": [
        0.01766083476107845,
        0.018332536688441217,
        0.019161292393778222,
        0.02012291600220987,
        0.021195067987855098,
        0.022358057979342788,
        0.023595072849715803,
        0.024892053111658614,
        0.026237394967827146,
        0.02762159355696808,
        0.029036891877049584,
        0.030476965673582206,
        0.03193665459192296,
        0.033411739516263424,
        0.034898761379276916,
        0.036394875200443634,
        0.037897733118161046,
        0.03940539084458984,
        0.04091623284051084,
        0.04242891236606338,
        0.04394230332380868,
        0.045455461447716713,
        0.046967592908823304,
        0.048478028820305614,
        0.049986204449373906,
        0.05149164219763638,
        0.052993937610137466,
        0.054492747828186576,
        0.055987782022063434,
        0.05747879343430566,
        0.058965572738496494,
        0.06044794247682604,
        0.06192575238577459,
        0.06339887545574546,
        0.06486720459949134,
        0.066330649827322,
        0.06778913584564099,
        0.06924260001026945,
        0.07069099057807021,
        0.07213426521013787,
        0.07357238968777521,
        0.07500533680894797,
        0.07643308543823218,
        0.07785561968763206,
        0.07927292820925076,
        0.0806850035837808,
        0.0820918417912564,
        0.08349344175257653,
        0.08488980493202448,
        0.08628093499246196,
        0.08766683749608539,
        0.08904751964465277,
        0.09042299005395972,
        0.09179325855806854,
        0.09315833603941832,
        0.09451823428147287,
        0.09587296584101881,
        0.09722254393759815,
        0.09856698235791081,
        0.09990629537328802,
        0.10124049766858971,
        0.1025696042810965,
        0.10389363054812796
      ],
      "self_convergence_l2": 0.0034220796105632677
    }
  }
}