{
  "wall_time_sec": 3.4290895462036133,
  "solver_info": {
    "mesh_resolution": 80,
    "element_degree": 2,
    "ksp_type": "cg",
    "pc_type": "hypre",
    "rtol": 1e-10,
    "iterations": 24,
    "verification_rel_l2_error": 4.383547813252594e-07,
    "wall_time_sec": 3.142839277163148
  }
}