{
  "wall_time_sec": 8.814057350158691,
  "solver_info": {
    "mesh_resolution": 128,
    "element_degree": 1,
    "ksp_type": "cg",
    "pc_type": "hypre",
    "rtol": 1e-10,
    "iterations": 8,
    "l2_error": 0.00018566066097318984,
    "relative_l2_error": 5.0719502841860835e-05,
    "wall_time_sec_est": 8.809586577117443
  }
}