{
  "wall_time_sec": 1.0350515842437744,
  "solver_info": {
    "mesh_resolution": 88,
    "element_degree": 2,
    "ksp_type": "gmres",
    "pc_type": "ilu",
    "rtol": 1e-10,
    "iterations": 330,
    "l2_error": 3.6627842295825136e-06,
    "h1_semi_error": 0.0026528305144175976,
    "stabilization": "supg",
    "wall_time_sec": 1.035033625550568
  }
}