{
  "wall_time_sec": 0.4833841323852539,
  "solver_info": {
    "mesh_resolution": 88,
    "element_degree": 1,
    "ksp_type": "gmres",
    "pc_type": "ilu",
    "rtol": 1e-09,
    "iterations": 43,
    "verification": {
      "l2_error": 0.0004897013984855661,
      "relative_l2_error": 0.0009794027969711233,
      "h1_semi_error": 0.09299431658812689,
      "wall_time_sec_internal": 0.44100812543183565
    }
  }
}