{
  "wall_time_sec": 33.68950915336609,
  "solver_info": {
    "mesh_resolution": 56,
    "element_degree": 1,
    "ksp_type": "cg",
    "pc_type": "hypre",
    "rtol": 1e-10,
    "iterations": 250,
    "dt": 0.008,
    "n_steps": 50,
    "time_scheme": "backward_euler",
    "nonlinear_iterations": [],
    "l2_error": 0.0009503916365404877,
    "relative_l2_error": 0.0011221073427389215,
    "wall_time_sec_internal": 14.896820846013725
  }
}