{
  "wall_time_sec": 13.319844961166382,
  "solver_info": {
    "mesh_resolution": 160,
    "element_degree": 1,
    "ksp_type": "gmres",
    "pc_type": "ilu",
    "rtol": 1e-08,
    "iterations": 364,
    "dt": 0.005,
    "n_steps": 20,
    "time_scheme": "backward_euler",
    "accuracy_verification": {
      "mass_history": [
        7.814802071877413e-05,
        0.0001559057703161417,
        0.0002332737215324259,
        0.0003102499499719207,
        0.00038682785139193163,
        0.0004629926016858891,
        0.0005387159429410963,
        0.0006139488144515548,
        0.0006886113743294133,
        0.0007625803115008424,
        0.0008356741277855017,
        0.0009076382308580712,
        0.0009781329159187769,
        0.0010467281319257117,
        0.0011129088301562488,
        0.0011760934161758512,
        0.0012356655081712936,
        0.0012910163844748418,
        0.0013415929515542791,
        0.0013869445122599332
      ],
      "increment_history": [
        0.06387902123068359,
        0.05849590710549653,
        0.05427181036784899,
        0.05086142452031466,
        0.04804230775367799,
        0.045664534796748285,
        0.04362377535529295,
        0.04184564138611465,
        0.04027584004202555,
        0.03887353170970741,
        0.03760648856282889,
        0.03644713596617578,
        0.03536881598011271,
        0.034341963927307886,
        0.033330524411905996,
        0.03228972891993173,
        0.03116680229438322,
        0.02990568881189967,
        0.028455448805006035,
        0.026780295656385556
      ],
      "mass_final": 0.0013869445122599332,
      "last_step_increment": 0.026780295656385556,
      "solution_l2_norm": 0.0034833248090391923,
      "solution_h1_semi_norm": 0.043968489006101244,
      "relative_change_to_previous": 0.0009622674265158793
    }
  }
}