{
  "wall_time_sec": 0.06830120086669922,
  "solver_info": {
    "mesh_resolution": 20,
    "element_degree": 2,
    "ksp_type": "preonly",
    "pc_type": "lu",
    "rtol": 1e-10,
    "iterations": 1,
    "verification_l2_error": 0.0008909958813334505,
    "verification_h1_error": 0.07176266592316403,
    "wall_time_sec": 0.06820566579699516
  }
}