{
  "wall_time_sec": 11.685092449188232,
  "solver_info": {
    "mesh_resolution": 64,
    "element_degree": 2,
    "ksp_type": "cg",
    "pc_type": "hypre",
    "rtol": 1e-10,
    "iterations": 200,
    "dt": 0.005,
    "n_steps": 40,
    "time_scheme": "backward_euler",
    "l2_error": 0.0003349022799613186,
    "relative_l2_error": 0.0009992310152939585
  }
}