{
  "wall_time_sec": 1.1369655132293701,
  "solver_info": {
    "mesh_resolution": 56,
    "element_degree": 1,
    "ksp_type": "cg",
    "pc_type": "hypre",
    "rtol": 1e-10,
    "iterations": 65,
    "dt": 0.007692307692307693,
    "n_steps": 13,
    "time_scheme": "backward_euler",
    "l2_error": 0.00012236960497003996,
    "rel_l2_error": 0.0002706205507864544
  }
}