{
  "wall_time_sec": 33.600626945495605,
  "solver_info": {
    "mesh_resolution": 64,
    "element_degree": 2,
    "ksp_type": "preonly",
    "pc_type": "lu",
    "rtol": 1e-10,
    "iterations": 2,
    "verification": {
      "divergence_l2": 0.014232256831332188,
      "bc_rmse": 3.0111646498138746e-16,
      "mesh_change_rmse": 0.00022592342351113954
    },
    "wall_time_setup_and_solve_sec": 33.066517665050924
  }
}