{
  "wall_time_sec": 1.042926549911499,
  "solver_info": {
    "mesh_resolution": 48,
    "element_degree": 2,
    "ksp_type": "gmres",
    "pc_type": "ilu",
    "rtol": 1e-10,
    "iterations": 205,
    "l2_error": 5.595871069065934e-07,
    "relative_l2_error": 1.119174320725948e-06,
    "wall_time_sec": 1.0422868244349957
  }
}