{
  "wall_time_sec": 1.4456100463867188,
  "solver_info": {
    "mesh_resolution": 96,
    "element_degree": 1,
    "ksp_type": "gmres",
    "pc_type": "ilu",
    "rtol": 1e-08,
    "iterations": 182,
    "dt": 0.01,
    "n_steps": 10,
    "time_scheme": "backward_euler",
    "accuracy_verification": {
      "mass_final": 0.001335305094090371,
      "last_step_increment": 0.027592005971274657,
      "mass_history": [
        0.00015550040236969972,
        0.00030934375473996373,
        0.00046124276571248333,
        0.0006104983990833988,
        0.0007557838142153953,
        0.0008950242686100546,
        0.0010254866307539117,
        0.0011441219326987447,
        0.0012480901263099218,
        0.001335305094090371
      ],
      "increment_history": [
        0.06734022166317519,
        0.05686381360771582,
        0.050045857022098746,
        0.04521804018151158,
        0.0415651394252507,
        0.03861900610493157,
        0.036037807609620255,
        0.03351126467842646,
        0.030759065179413098,
        0.027592005971274657
      ],
      "relative_change_to_previous": 0.0694772162173809
    }
  }
}