{
  "wall_time_sec": 4.619305372238159,
  "solver_info": {
    "mesh_resolution": 96,
    "element_degree": 2,
    "ksp_type": "gmres",
    "pc_type": "ilu",
    "rtol": 1e-09,
    "iterations": 110,
    "l2_error_verification": 7.165431496570663e-08,
    "grid_rmse_verification": 3.1735700667539985e-07
  }
}