{
  "wall_time_sec": 1.7787106037139893,
  "solver_info": {
    "mesh_resolution": 96,
    "element_degree": 2,
    "ksp_type": "preonly",
    "pc_type": "lu",
    "rtol": 1e-10,
    "iterations": 1,
    "verification_l2_error": 3.9845773539917584e-07,
    "verification_rel_l2_error": 5.635043798633906e-07,
    "verification_grid_rel_l2_error": 5.036424619815034e-06,
    "wavenumber": 15.0
  }
}