{
  "wall_time_sec": 0.5816583633422852,
  "solver_info": {
    "mesh_resolution": 56,
    "element_degree": 1,
    "ksp_type": "cg",
    "pc_type": "hypre",
    "rtol": 1e-09,
    "iterations": 50,
    "dt": 0.01,
    "n_steps": 10,
    "time_scheme": "backward_euler",
    "wall_time_observed": 0.4814458740875125,
    "accuracy_verification": {
      "final_energy": 0.0034292281626853525,
      "final_grad_energy": 0.13779625234880086,
      "final_temporal_increment_l2": 0.01627388305316963,
      "final_residual_indicator": 1.627388305316963
    }
  }
}