{
  "wall_time_sec": 3.5115044116973877,
  "solver_info": {
    "mesh_resolution": 96,
    "element_degree": 2,
    "ksp_type": "preonly",
    "pc_type": "lu",
    "rtol": 1e-10,
    "iterations": 1,
    "nonlinear_iterations": [
      1
    ],
    "l2_error": 1.4194162488224258e-06,
    "h1_error": 0.0010450593713240259,
    "divergence_l2": 0.0007645690787444472,
    "wall_time_sec": 3.5114918211475015
  }
}