{
  "wall_time_sec": 0.11305642127990723,
  "solver_info": {
    "mesh_resolution": 52,
    "element_degree": 1,
    "ksp_type": "preonly",
    "pc_type": "lu",
    "rtol": 1e-12,
    "iterations": 1,
    "l2_error": 0.0002150745899462728,
    "h1_semi_error": 0.0009590537887693252
  }
}