{
  "wall_time_sec": 9.69352912902832,
  "solver_info": {
    "mesh_resolution": 160,
    "element_degree": 2,
    "ksp_type": "gmres",
    "pc_type": "ilu",
    "rtol": 1e-10,
    "iterations": 586,
    "l2_error": 1.9410315535391735e-06,
    "h1_error": 0.00020090615337417565
  }
}