{
  "wall_time_sec": 1.461425542831421,
  "solver_info": {
    "mesh_resolution": 48,
    "element_degree": 2,
    "ksp_type": "cg",
    "pc_type": "hypre",
    "rtol": 1e-10,
    "iterations": 11,
    "l2_error": 3.6409364759431555e-06,
    "relative_l2_error": 5.1490617440179475e-06,
    "wall_time_sec": 1.4609195115044713
  }
}