{
  "wall_time_sec": 15.028854846954346,
  "solver_info": {
    "mesh_resolution": 112,
    "element_degree": 1,
    "ksp_type": "cg",
    "pc_type": "hypre",
    "rtol": 1e-10,
    "iterations": 668,
    "dt": 0.0029940119760479044,
    "n_steps": 167,
    "time_scheme": "backward_euler",
    "l2_error": 9.663631154991887e-05,
    "wall_time_sec": 10.274228323251009
  }
}