{
  "wall_time_sec": 1.0750746726989746,
  "solver_info": {
    "mesh_resolution": 24,
    "element_degree": 2,
    "ksp_type": "cg",
    "pc_type": "hypre",
    "rtol": 1e-10,
    "iterations": 6,
    "L2_error": 2.662569305228694e-05,
    "H1_semi_error": 0.005077667067037611,
    "wall_time_sec": 1.075056966394186
  }
}