{
  "wall_time_sec": 2.9611942768096924,
  "solver_info": {
    "mesh_resolution": 88,
    "element_degree": 1,
    "ksp_type": "gmres",
    "pc_type": "ilu",
    "rtol": 1e-09,
    "iterations": 300,
    "dt": 0.003,
    "n_steps": 20,
    "time_scheme": "backward_euler",
    "verification_l2_error": 0.000497837787882472,
    "verification_relative_l2_error": 0.0010591551217329668,
    "wall_time_sec": 2.961137999780476
  }
}