{
  "wall_time_sec": 0.6917786598205566,
  "solver_info": {
    "mesh_resolution": 28,
    "element_degree": 2,
    "ksp_type": "preonly",
    "pc_type": "lu",
    "rtol": 1e-12,
    "iterations": 1,
    "l2_error": 3.1223379755311076e-05,
    "relative_l2_error": 1.2062852144660811e-05,
    "wall_time_sec": 0.6905477400869131
  }
}