{
  "wall_time_sec": 2.854522943496704,
  "solver_info": {
    "mesh_resolution": 56,
    "element_degree": 2,
    "ksp_type": "cg",
    "pc_type": "hypre",
    "rtol": 1e-10,
    "iterations": 12,
    "l2_error": 1.6092530335427368e-06,
    "wall_time_sec": 2.8545067477971315
  }
}