{
  "wall_time_sec": 2.992978811264038,
  "solver_info": {
    "mesh_resolution": 96,
    "element_degree": 2,
    "ksp_type": "gmres",
    "pc_type": "lu",
    "rtol": 1e-08,
    "iterations": 0,
    "nonlinear_iterations": [
      0
    ],
    "l2_velocity_error": 0.5593448804391878,
    "divergence_l2": 0.006985991549476321,
    "wall_time": 2.972733248025179
  }
}