{
  "wall_time_sec": 0.20167183876037598,
  "solver_info": {
    "mesh_resolution": 72,
    "element_degree": 2,
    "ksp_type": "cg",
    "pc_type": "hypre",
    "rtol": 1e-10,
    "iterations": 6,
    "l2_error_verification": 8.431627215192491e-09,
    "wall_time_sec": 0.16433352511376143
  }
}