{
  "wall_time_sec": 1.5186073780059814,
  "solver_info": {
    "mesh_resolution": 72,
    "element_degree": 2,
    "ksp_type": "cg",
    "pc_type": "hypre",
    "rtol": 1e-10,
    "iterations": 7,
    "relative_l2_error": 3.846707260817187e-06,
    "wall_time_sec": 1.518341826274991
  }
}