{
  "wall_time_sec": 1.5687665939331055,
  "solver_info": {
    "mesh_resolution": 120,
    "element_degree": 1,
    "ksp_type": "cg",
    "pc_type": "hypre",
    "rtol": 1e-10,
    "iterations": 6,
    "consistency_l2": 1.9118105208042537e-05,
    "wall_time_estimate": 1.5686688423156738
  }
}