{
  "wall_time_sec": 0.7465071678161621,
  "solver_info": {
    "mesh_resolution": 24,
    "element_degree": 2,
    "ksp_type": "preonly",
    "pc_type": "lu",
    "rtol": 1e-12,
    "iterations": 1,
    "l2_error": 1.3925779057831841e-05,
    "wall_time_sec": 0.7463862150907516
  }
}