{
  "wall_time_sec": 0.06298327445983887,
  "solver_info": {
    "mesh_resolution": 24,
    "element_degree": 2,
    "ksp_type": "preonly",
    "pc_type": "lu",
    "rtol": 1e-12,
    "iterations": 1,
    "l2_error": 6.506422798542277e-08,
    "max_error": 8.852458776697353e-08
  }
}