{
  "wall_time_sec": 18.876699447631836,
  "solver_info": {
    "mesh_resolution": 48,
    "element_degree": 2,
    "ksp_type": "cg",
    "pc_type": "hypre",
    "rtol": 1e-10,
    "iterations": 200,
    "dt": 0.005,
    "n_steps": 40,
    "time_scheme": "backward_euler",
    "l2_error": 0.0003348264915171861,
    "wall_time_sec": 18.876619306392968
  }
}