{
  "wall_time_sec": 3.6749401092529297,
  "solver_info": {
    "mesh_resolution": 48,
    "element_degree": 2,
    "ksp_type": "cg",
    "pc_type": "hypre",
    "rtol": 1e-10,
    "iterations": 200,
    "dt": 0.005,
    "n_steps": 40,
    "time_scheme": "backward_euler",
    "l2_error": 0.0003348792427848876,
    "relative_l2_error": 0.0009991623456760308
  }
}