{
  "wall_time_sec": 1.5579004287719727,
  "solver_info": {
    "mesh_resolution": 82,
    "element_degree": 2,
    "ksp_type": "cg",
    "pc_type": "hypre",
    "rtol": 1e-10,
    "iterations": 192,
    "dt": 0.005,
    "n_steps": 24,
    "time_scheme": "backward_euler",
    "verification": {
      "l2_norm_u": 0.0369949518898896,
      "l2_distance_to_steady_series": 0.004291123813917209,
      "min_u": 0.0,
      "max_u": 0.06509322578487108,
      "min_steady_minus_u": -0.00022223871793261053
    }
  }
}