{
  "wall_time_sec": 8.305332899093628,
  "solver_info": {
    "mesh_resolution": 128,
    "element_degree": 2,
    "ksp_type": "gmres",
    "pc_type": "ilu",
    "rtol": 1e-10,
    "iterations": 503,
    "stabilization": "SUPG",
    "tau": 0.00016469281074217126,
    "l2_error": 3.239804824391714e-08,
    "solve_time": 2.7150736274197698
  }
}