{
  "wall_time_sec": 158.1331799030304,
  "solver_info": {
    "mesh_resolution": 96,
    "element_degree": 2,
    "ksp_type": "gmres",
    "pc_type": "ilu",
    "rtol": 1e-09,
    "iterations": 3518,
    "verification": {
      "residual_l2": 0.4688264301005277,
      "grid_change_l2": 4.2091973530447965e-06,
      "solve_time_sec": 128.56537451781332
    }
  }
}