{
  "wall_time_sec": 2.958420515060425,
  "solver_info": {
    "mesh_resolution": 128,
    "element_degree": 2,
    "ksp_type": "preonly",
    "pc_type": "lu",
    "rtol": 1e-12,
    "iterations": 1,
    "l2_error_velocity": 4.34594799678624e-09,
    "divergence_l2": 0.0001552221602339943
  }
}